timestamp,uptime_seconds,elapsed_seconds,total_devices,active_clients,connected_devices,successful_publishes,failed_publishes,failed_devices,avg_latency_ms,p50_latency_ms,p95_latency_ms,p99_latency_ms,messages_per_second,bandwidth_mbps,avg_send_rate_per_device,avg_messages_per_device
2025-12-06T20:36:08.861873+00:00,30.02,30.022958,200,200,200,3000,0,0,27.8368,25.922,62.5008,93.9635,99.9235,0.125614,0.49961765925929086,15.0
2025-12-06T20:36:38.879846+00:00,60.04,60.040931,200,200,200,6000,0,0,23.8727,21.1665,51.8521,83.7247,99.9318,0.125858,0.49965914086175645,30.0
2025-12-06T20:37:08.893705+00:00,90.05,90.05479,200,200,200,9000,0,0,20.047,15.9442,48.1225,76.8629,99.9392,0.12596,0.4996957963035614,45.0
2025-12-06T20:37:38.900147+00:00,120.06,120.061232,200,200,200,11966,0,0,18.8738,14.5993,45.5405,68.0384,99.6658,0.125657,0.4983290526287453,59.83
2025-12-06T20:38:09.229078+00:00,150.39,150.390163,200,200,200,14984,0,0,17.7297,13.1526,43.7381,62.6322,99.6342,0.125626,0.49817088103029716,74.92
2025-12-06T20:38:39.238087+00:00,180.4,180.399172,200,200,200,17949,0,0,17.2032,12.5392,42.3432,58.8584,99.496,0.125464,0.49748011038542905,89.745
2025-12-06T20:39:09.263545+00:00,210.42,210.42463,200,200,200,20890,0,0,16.7299,11.955,41.3039,56.6845,99.2755,0.125237,0.4963772539364807,104.45
2025-12-06T20:39:45.212190+00:00,246.37,246.373275,200,200,200,24440,0,0,16.3698,11.6672,40.1539,54.7685,99.1991,0.125257,0.49599535501567693,122.2
2025-12-06T20:40:19.237692+00:00,280.4,280.398777,200,200,200,27829,0,0,15.9732,11.2844,39.5773,53.0181,99.2479,0.125403,0.4962396822436925,139.145
2025-12-06T20:40:49.269082+00:00,310.43,310.430167,200,200,200,30825,0,0,15.6624,10.9534,39.2752,52.5028,99.2977,0.125529,0.49648847433052473,154.125
2025-12-06T20:41:19.296563+00:00,340.46,340.457648,200,200,200,33820,0,0,15.3762,10.7639,38.9624,51.8455,99.3369,0.125624,0.4966843922977462,169.1
2025-12-06T20:41:55.210707+00:00,376.37,376.371792,200,200,200,37379,0,0,15.1684,10.5972,38.7404,51.2433,99.314,0.125641,0.496570157414985,186.895
2025-12-06T20:42:25.246513+00:00,406.41,406.407598,200,200,200,40368,0,0,14.9872,10.3203,38.5487,50.5925,99.3289,0.125696,0.4966442581125169,201.84
2025-12-06T20:42:55.259425+00:00,436.42,436.42051,200,200,200,43298,0,0,15.1289,10.3074,38.621,51.7961,99.2117,0.125578,0.49605826270630593,216.49
2025-12-06T20:43:31.210792+00:00,472.37,472.371877,200,200,200,46884,0,0,15.1867,10.3539,38.6086,50.8914,99.2523,0.12566,0.4962615503039357,234.42
2025-12-06T20:44:07.211547+00:00,508.37,508.372632,200,200,200,50462,0,0,15.0991,10.2893,38.5711,50.3761,99.2618,0.125698,0.4963091718910628,252.31
2025-12-06T20:44:37.256397+00:00,538.42,538.417482,200,200,200,53458,0,0,14.9956,10.1446,38.4765,49.9016,99.2873,0.125748,0.4964363322809047,267.29
2025-12-06T20:45:07.285788+00:00,568.45,568.446873,200,200,200,56456,0,0,14.8511,9.9596,38.37,49.6418,99.3162,0.125804,0.49658114664305664,282.28
2025-12-06T20:45:43.211431+00:00,604.37,604.372516,200,200,200,59993,0,0,14.9075,9.9317,38.3571,49.517,99.2649,0.125756,0.49632468727284085,299.965
2025-12-06T20:46:19.210143+00:00,640.37,640.371228,200,200,200,63544,0,0,14.8756,9.8915,38.3473,49.2768,99.2299,0.125723,0.4961497114608029,317.72
2025-12-06T20:46:49.237767+00:00,670.4,670.398852,200,200,200,66534,0,0,14.8348,9.9095,38.298,49.0155,99.2454,0.125753,0.49622698339584864,332.67
2025-12-06T20:47:19.279164+00:00,700.44,700.440249,200,200,200,69532,0,0,14.6969,9.7367,38.2447,48.6003,99.269,0.125792,0.49634497802824007,347.66
2025-12-06T20:47:55.210957+00:00,736.37,736.372042,200,200,200,73093,0,0,14.7011,9.7387,38.1491,48.1227,99.261,0.125793,0.4963048284769074,365.465
2025-12-06T20:48:25.281472+00:00,766.44,766.442557,200,200,200,76072,0,0,14.6669,9.6484,38.1083,47.7484,99.2534,0.125794,0.4962668063328848,380.36
2025-12-06T20:48:55.343439+00:00,796.5,796.504524,200,200,200,79048,0,0,14.553,9.4921,38.0444,47.5085,99.2436,0.125793,0.4962181482851189,395.24
2025-12-06T20:49:31.211550+00:00,832.37,832.372635,200,200,200,82618,0,0,14.4699,9.3562,37.9876,47.054,99.256,0.125817,0.4962801305931928,413.09
2025-12-06T20:50:07.209757+00:00,868.37,868.370842,200,200,200,86183,0,0,14.3904,9.2063,37.886,46.7886,99.2468,0.125812,0.496233842913855,430.915
2025-12-06T20:50:37.237245+00:00,898.4,898.39833,200,200,200,89164,0,0,14.335,9.1539,37.8361,46.5595,99.2477,0.12582,0.4962386784490127,445.82
2025-12-06T20:51:07.317973+00:00,928.48,928.479058,200,200,200,92162,0,0,14.2462,9.0478,37.7724,46.1606,99.2613,0.12584,0.49630629364178935,460.81
2025-12-06T20:51:43.210200+00:00,964.37,964.371285,200,200,200,95740,0,0,14.1985,8.9985,37.7454,46.1057,99.2771,0.125866,0.49638558037322733,478.7
2025-12-06T20:52:19.211027+00:00,1000.37,1000.372112,200,200,200,99295,0,0,14.1304,8.8817,37.6907,46.0121,99.2581,0.125846,0.49629032441480136,496.475
2025-12-06T20:52:49.303694+00:00,1030.46,1030.464779,200,200,200,102282,0,0,14.1842,8.9291,37.7589,46.212,99.2581,0.125851,0.49629061606190045,511.41
2025-12-06T20:53:19.383096+00:00,1060.54,1060.544181,200,200,200,105262,0,0,14.1524,8.8444,37.7976,46.4036,99.2528,0.125849,0.4962640967052744,526.31
2025-12-06T20:53:55.211514+00:00,1096.37,1096.372599,200,200,200,108824,0,0,14.1276,8.8335,37.7862,46.2432,99.2582,0.125862,0.49629113359481175,544.12
2025-12-06T20:54:25.277581+00:00,1126.44,1126.438666,200,200,200,111812,0,0,14.1319,8.8194,37.8038,46.2828,99.2615,0.12587,0.4963075370852016,559.06
2025-12-06T20:54:55.320639+00:00,1156.48,1156.481724,200,200,200,114799,0,0,14.1175,8.8049,37.8107,46.1601,99.2657,0.125878,0.4963286389124123,573.995
2025-12-06T20:55:31.211318+00:00,1192.37,1192.372403,200,200,200,118328,0,0,14.0804,8.7663,37.7972,46.1603,99.2375,0.125848,0.4961872637369316,591.64
2025-12-06T20:56:07.212215+00:00,1228.37,1228.3733,200,200,200,121918,0,0,14.1267,8.8036,37.8401,46.2515,99.2516,0.125869,0.4962579372247834,609.59
2025-12-06T20:56:37.300514+00:00,1258.46,1258.461599,200,200,200,124903,0,0,14.1391,8.7956,37.8728,46.1963,99.2505,0.125871,0.4962527267389428,624.515
2025-12-06T20:57:07.402761+00:00,1288.56,1288.563846,200,200,200,127901,0,0,14.1248,8.7899,37.8528,46.0473,99.2586,0.125882,0.49629283173291827,639.505
2025-12-06T20:57:43.209569+00:00,1324.37,1324.370654,200,200,200,131449,0,0,14.1169,8.7933,37.8396,45.925,99.2539,0.12588,0.496269679500162,657.245
2025-12-06T20:58:19.210857+00:00,1360.37,1360.371942,200,200,200,135002,0,0,14.0517,8.7037,37.7803,45.859,99.239,0.125866,0.49619517953862646,675.01
2025-12-06T20:58:49.335128+00:00,1390.5,1390.496213,200,200,200,138002,0,0,14.0258,8.678,37.7631,45.7702,99.2466,0.125877,0.4962329228580215,690.01
2025-12-06T20:59:19.434419+00:00,1420.6,1420.595504,200,200,200,140989,0,0,14.0013,8.6699,37.7403,45.6612,99.2464,0.125881,0.4962320365051642,704.945
2025-12-06T20:59:55.210389+00:00,1456.37,1456.371474,200,200,200,144536,0,0,14.0681,8.7136,37.8016,45.9443,99.2439,0.12588,0.49621955174329374,722.68
2025-12-06T21:00:25.326409+00:00,1486.49,1486.487494,200,200,200,147536,0,0,14.1884,8.821,37.8922,46.5875,99.2514,0.125892,0.4962571181914027,737.68
2025-12-06T21:00:55.372562+00:00,1516.53,1516.533647,200,200,200,150496,0,0,14.1676,8.7895,37.865,46.4535,99.2368,0.125875,0.49618417731024467,752.48
2025-12-06T21:01:31.210506+00:00,1552.37,1552.371591,200,200,200,154054,0,0,14.1469,8.773,37.8445,46.56,99.2378,0.125879,0.49618918850725086,770.27
2025-12-06T21:02:07.210440+00:00,1588.37,1588.371525,200,200,200,157622,0,0,14.108,8.7169,37.8148,46.2611,99.235,0.125878,0.49617484800981937,788.11
2025-12-06T21:02:37.323654+00:00,1618.48,1618.484739,200,200,200,160618,0,0,14.0703,8.6786,37.7845,46.1277,99.2397,0.125887,0.49619868550394775,803.09
2025-12-06T21:03:07.415630+00:00,1648.58,1648.576715,200,200,200,163615,0,0,14.0866,8.6858,37.8218,46.3073,99.2462,0.125897,0.496231077726947,818.075
2025-12-06T21:03:43.210717+00:00,1684.37,1684.371802,200,200,200,167182,0,0,14.0938,8.6857,37.8152,46.1629,99.2548,0.12591,0.4962740405695773,835.91
2025-12-06T21:04:19.211713+00:00,1720.37,1720.372798,200,200,200,170736,0,0,14.0718,8.6685,37.8077,45.9952,99.2436,0.125899,0.4962180295994194,853.68
2025-12-06T21:04:49.278804+00:00,1750.44,1750.439889,200,200,200,173700,0,0,14.0851,8.6802,37.8149,45.9887,99.2322,0.125887,0.4961609967058972,868.5
2025-12-06T21:05:19.337407+00:00,1780.5,1780.498492,200,200,200,176694,0,0,14.1838,8.7047,37.9453,47.0993,99.2385,0.125896,0.49619250112793695,883.47
2025-12-06T21:05:55.210106+00:00,1816.37,1816.371191,200,200,200,180239,0,0,14.1856,8.7134,37.9301,47.0512,99.2303,0.125887,0.49615133980618176,901.195
2025-12-06T21:06:25.343369+00:00,1846.5,1846.504454,200,200,200,183233,0,0,14.186,8.7477,37.9254,46.9994,99.2324,0.125893,0.49616181429476264,916.165
2025-12-06T21:06:55.476470+00:00,1876.64,1876.637555,200,200,200,186215,0,0,14.1616,8.7238,37.8915,46.8639,99.228,0.125889,0.4961400231596665,931.075
2025-12-06T21:07:31.210046+00:00,1912.37,1912.371131,200,200,200,189769,0,0,14.1498,8.7075,37.8819,46.6945,99.2323,0.125897,0.49616153717183464,948.845
2025-12-06T21:08:07.209736+00:00,1948.37,1948.370821,200,200,200,193352,0,0,14.1496,8.7252,37.8701,46.6682,99.2378,0.125907,0.49618891310629004,966.76
2025-12-06T21:08:37.349567+00:00,1978.51,1978.510652,200,200,200,196329,0,0,14.1333,8.7185,37.8502,46.4728,99.2307,0.1259,0.4961535076941299,981.645
2025-12-06T21:09:07.526824+00:00,2008.69,2008.687909,200,200,200,199329,0,0,14.1339,8.7214,37.8375,46.2962,99.2334,0.125906,0.4961671723787929,996.645
2025-12-06T21:09:43.211572+00:00,2044.37,2044.372657,200,200,200,202866,0,0,14.1365,8.7282,37.8156,46.2111,99.2314,0.125916,0.49615709568747185,1014.33
2025-12-06T21:10:19.218221+00:00,2080.38,2080.379306,200,200,200,206436,0,0,14.1379,8.7244,37.8081,46.2133,99.23,0.125929,0.4961499073861678,1032.18
2025-12-06T21:10:49.288682+00:00,2110.45,2110.449767,200,200,200,209428,0,0,14.1255,8.707,37.791,46.1059,99.2338,0.125946,0.4961691182484326,1047.14
2025-12-06T21:11:19.423897+00:00,2140.58,2140.584982,200,200,200,212416,0,0,14.1235,8.6987,37.792,45.9946,99.2327,0.125955,0.49616343613121733,1062.08
2025-12-06T21:11:55.210704+00:00,2176.37,2176.371789,200,200,200,215966,0,0,14.0903,8.6635,37.7644,45.8789,99.2321,0.125968,0.496160630944477,1079.83
2025-12-06T21:12:25.351230+00:00,2206.51,2206.512315,200,200,200,218959,0,0,14.0652,8.6414,37.7436,45.8161,99.2331,0.12598,0.4961653703709331,1094.795
2025-12-06T21:12:55.452171+00:00,2236.61,2236.613256,200,200,200,221953,0,0,14.0401,8.6177,37.7216,45.7547,99.2362,0.125995,0.49618099911681823,1109.765
2025-12-06T21:13:31.210238+00:00,2272.37,2272.371323,200,200,200,225501,0,0,14.026,8.593,37.7058,45.6465,99.236,0.126006,0.496179910645704,1127.505
2025-12-06T21:14:07.210835+00:00,2308.37,2308.37192,200,200,200,229067,0,0,14.0354,8.6085,37.7264,45.6673,99.2331,0.126014,0.4961657131923525,1145.335
2025-12-06T21:14:37.364638+00:00,2338.53,2338.525723,200,200,200,232050,0,0,14.0766,8.6555,37.7471,45.6957,99.2292,0.126019,0.4961459215901043,1160.25
2025-12-06T21:15:07.566458+00:00,2368.73,2368.727543,200,200,200,235050,0,0,14.0879,8.6777,37.7409,45.6844,99.2305,0.126032,0.49615246104308924,1175.25
2025-12-06T21:15:43.209821+00:00,2404.37,2404.370906,200,200,200,238584,0,0,14.0807,8.6751,37.7327,45.6044,99.2293,0.126041,0.496146412778129,1192.92
2025-12-06T21:16:19.210857+00:00,2440.37,2440.371942,200,200,200,242166,0,0,14.0939,8.6853,37.7326,45.6403,99.2332,0.126057,0.4961661700665463,1210.83
2025-12-06T21:16:49.358543+00:00,2470.52,2470.519628,200,200,200,245166,0,0,14.0878,8.6923,37.7131,45.5896,99.2366,0.126069,0.49618306452896555,1225.83
2025-12-06T21:17:19.535924+00:00,2500.7,2500.697009,200,200,200,248150,0,0,14.0629,8.6659,37.6984,45.5195,99.2323,0.126072,0.4961616683406846,1240.75
2025-12-06T21:17:55.213922+00:00,2536.38,2536.375007,200,200,200,251684,0,0,14.0452,8.647,37.6978,45.499,99.2298,0.126078,0.49614903022106616,1258.42
2025-12-06T21:18:25.323586+00:00,2566.48,2566.484671,200,200,200,254676,0,0,14.0469,8.6525,37.6914,45.4115,99.2315,0.126088,0.4961572591446037,1273.38
2025-12-06T21:18:55.458093+00:00,2596.62,2596.619178,200,200,200,257653,0,0,14.057,8.6609,37.6981,45.3752,99.2263,0.12609,0.49613166648189955,1288.265
2025-12-06T21:19:31.210802+00:00,2632.37,2632.371887,200,200,200,261220,0,0,14.0762,8.6867,37.6992,45.2872,99.2337,0.126108,0.4961684959675305,1306.1
2025-12-06T21:20:07.211472+00:00,2668.37,2668.372557,200,200,200,264765,0,0,14.0897,8.6968,37.7147,45.2336,99.2234,0.126105,0.4961170045491514,1323.825
2025-12-06T21:20:37.375932+00:00,2698.54,2698.537017,200,200,200,267748,0,0,14.0824,8.6884,37.7191,45.338,99.2197,0.126107,0.496098438363575,1338.74
2025-12-06T21:21:07.553141+00:00,2728.71,2728.714226,200,200,200,270742,0,0,14.106,8.7086,37.7391,45.2511,99.2196,0.126115,0.49609812090304245,1353.71
2025-12-06T21:21:43.211887+00:00,2764.37,2764.372972,200,200,200,274291,0,0,14.0753,8.6856,37.7216,45.1612,99.2236,0.126129,0.4961179312239347,1371.455
2025-12-06T21:22:19.212002+00:00,2800.37,2800.373087,200,200,200,277876,0,0,14.0662,8.6729,37.7147,45.1404,99.2282,0.126142,0.4961410343678253,1389.38
2025-12-06T21:22:49.396650+00:00,2830.56,2830.557735,200,200,200,280876,0,0,14.0517,8.663,37.7035,45.0949,99.2299,0.126152,0.49614956891172546,1404.38
2025-12-06T21:23:19.638804+00:00,2860.8,2860.799889,200,200,200,283876,0,0,14.0347,8.6551,37.698,45.0311,99.2296,0.126158,0.4961479498994765,1419.38
2025-12-06T21:23:55.210779+00:00,2896.37,2896.371864,200,200,200,287386,0,0,14.0267,8.6568,37.6889,44.9735,99.2228,0.126157,0.49611378216315943,1436.93
2025-12-06T21:24:25.423586+00:00,2926.58,2926.584671,200,200,200,290386,0,0,14.0528,8.6701,37.7237,45.1203,99.2235,0.126164,0.4961175442444597,1451.93
2025-12-06T21:24:55.610012+00:00,2956.77,2956.771097,200,200,200,293381,0,0,14.0756,8.6908,37.7407,45.1223,99.2234,0.12617,0.4961172007830947,1466.905
2025-12-06T21:25:31.211699+00:00,2992.37,2992.372784,200,200,200,296918,0,0,14.0583,8.6795,37.7253,45.0631,99.2249,0.126179,0.49612468337434257,1484.59
2025-12-06T21:26:07.210633+00:00,3028.37,3028.371718,200,200,200,300498,0,0,14.0561,8.6802,37.7212,45.0269,99.2276,0.126188,0.4961379050892325,1502.49
2025-12-06T21:26:43.209711+00:00,3064.37,3064.370796,200,200,200,304035,0,0,14.0558,8.6774,37.7184,44.9418,99.2161,0.126181,0.4960806316207955,1520.175
2025-12-06T21:27:19.210544+00:00,3100.37,3100.371629,200,200,200,307626,0,0,14.086,8.713,37.746,45.0104,99.2223,0.126196,0.4961114937360304,1538.13
2025-12-06T21:27:49.383662+00:00,3130.54,3130.544747,200,200,200,310618,0,0,14.0943,8.7159,37.756,44.9717,99.2217,0.1262,0.4961085451624116,1553.09
2025-12-06T21:28:19.599421+00:00,3160.76,3160.760506,200,200,200,313607,0,0,14.1069,8.7166,37.7631,44.9233,99.2188,0.126202,0.4960942143586756,1568.035
2025-12-06T21:28:55.209516+00:00,3196.37,3196.370601,200,200,200,317135,0,0,14.1219,8.7291,37.7596,44.9266,99.2172,0.126206,0.4960860919894314,1585.675
2025-12-06T21:29:25.321097+00:00,3226.48,3226.482182,200,200,200,320126,0,0,14.1348,8.7515,37.7614,44.8818,99.2183,0.126213,0.49609138055360874,1600.63
2025-12-06T21:29:55.436286+00:00,3256.6,3256.597371,200,200,200,323088,0,0,14.1214,8.7349,37.7548,44.8979,99.2103,0.126208,0.49605149668961024,1615.44
2025-12-06T21:30:31.209594+00:00,3292.37,3292.370679,200,200,200,326659,0,0,14.1104,8.7309,37.74,44.8798,99.217,0.126222,0.49608478486878177,1633.295
2025-12-06T21:31:07.210643+00:00,3328.37,3328.371728,200,200,200,330233,0,0,14.1042,8.724,37.7248,44.831,99.2176,0.126229,0.4960879177375346,1651.165
2025-12-06T21:31:37.473934+00:00,3358.64,3358.635019,200,200,200,333233,0,0,14.0996,8.7265,37.7229,44.8951,99.2168,0.126232,0.49608397178449126,1666.165
2025-12-06T21:32:07.692597+00:00,3388.85,3388.853682,200,200,200,336233,0,0,14.102,8.742,37.7246,44.8748,99.2173,0.126237,0.49608662921316415,1681.165
2025-12-06T21:32:43.210118+00:00,3424.37,3424.371203,200,200,200,339740,0,0,14.1215,8.7601,37.7239,44.8763,99.2124,0.126236,0.49606187510040217,1698.7
2025-12-06T21:33:19.210293+00:00,3460.37,3460.371378,200,200,200,343322,0,0,14.1181,8.7674,37.7105,44.8185,99.2154,0.126245,0.4960768115566121,1716.61
2025-12-06T21:33:49.376154+00:00,3490.54,3490.537239,200,200,200,346322,0,0,14.1235,8.7869,37.7138,44.7723,99.2174,0.126252,0.4960869578048354,1731.61
2025-12-06T21:34:19.550032+00:00,3520.71,3520.711117,200,200,200,349322,0,0,14.1136,8.7837,37.7163,44.8648,99.2192,0.126259,0.49609580052347135,1746.61
2025-12-06T21:34:55.211206+00:00,3556.37,3556.372291,200,200,200,352827,0,0,14.1255,8.7945,37.7286,44.8493,99.2098,0.126252,0.4960490228946056,1764.135
2025-12-06T21:35:25.440482+00:00,3586.6,3586.601567,200,200,200,355793,0,0,14.1978,8.8164,37.7737,45.2312,99.2006,0.126244,0.49600296179204784,1778.965
2025-12-06T21:35:55.674474+00:00,3616.84,3616.835559,200,200,200,358793,0,0,14.1943,8.814,37.773,45.219,99.2008,0.126248,0.4960040263749243,1793.965
2025-12-06T21:36:31.210418+00:00,3652.37,3652.371503,200,200,200,362358,0,0,14.1889,8.8158,37.7555,45.1891,99.2117,0.126267,0.49605851937893625,1811.79
2025-12-06T21:37:07.209617+00:00,3688.37,3688.370702,200,200,200,365919,0,0,14.1879,8.8143,37.7503,45.1439,99.2088,0.126268,0.49604422869098036,1829.595
2025-12-06T21:37:37.437803+00:00,3718.6,3718.598888,200,200,200,368919,0,0,14.1726,8.8068,37.7318,45.1075,99.2091,0.126272,0.4960457031148341,1844.595
2025-12-06T21:38:07.683940+00:00,3748.85,3748.845025,200,200,200,371919,0,0,14.166,8.8088,37.7246,45.0752,99.209,0.126275,0.4960447784848081,1859.595
2025-12-06T21:38:43.209650+00:00,3784.37,3784.370735,200,200,200,375431,0,0,14.1621,8.818,37.7231,45.0731,99.2057,0.126276,0.4960283046898681,1877.155
2025-12-06T21:39:19.211255+00:00,3820.37,3820.37234,200,200,200,379021,0,0,14.156,8.8212,37.7151,45.0081,99.2105,0.126287,0.4960524345121817,1895.105
2025-12-06T21:39:49.395697+00:00,3850.56,3850.556782,200,200,200,382003,0,0,14.1673,8.8299,37.7261,44.9267,99.2072,0.126286,0.4960360561175592,1910.015
2025-12-06T21:40:19.672357+00:00,3880.83,3880.833442,200,200,200,385003,0,0,14.1971,8.8655,37.7589,45.115,99.2063,0.126289,0.49603133676562455,1925.015
2025-12-06T21:40:55.214399+00:00,3916.38,3916.375484,200,200,200,388518,0,0,14.206,8.8875,37.7686,45.1713,99.2035,0.126289,0.4960173016954776,1942.59
2025-12-06T21:41:25.397213+00:00,3946.56,3946.558298,200,200,200,391490,0,0,14.2237,8.9034,37.7775,45.2003,99.1978,0.126285,0.49598912576357435,1957.45
2025-12-06T21:41:55.741574+00:00,3976.9,3976.902659,200,200,200,394490,0,0,14.2333,8.9241,37.7697,45.2031,99.1953,0.126286,0.49597643420721205,1972.45
2025-12-06T21:42:31.210607+00:00,4012.37,4012.371692,200,200,200,398028,0,0,14.2412,8.9324,37.7971,45.4378,99.2002,0.126295,0.49600090738552643,1990.14
2025-12-06T21:43:07.210531+00:00,4048.37,4048.371616,200,200,200,401621,0,0,14.2279,8.9238,37.792,45.4157,99.2056,0.126306,0.49602783303379433,2008.105
2025-12-06T21:43:37.347393+00:00,4078.51,4078.508478,200,200,200,404621,0,0,14.2258,8.9184,37.797,45.3925,99.2081,0.126313,0.496040405680873,2023.105
2025-12-06T21:44:07.510419+00:00,4108.67,4108.671504,200,200,200,407621,0,0,14.2133,8.9089,37.7741,45.3503,99.2099,0.126319,0.4960496350257745,2038.105
2025-12-06T21:44:43.209775+00:00,4144.37,4144.37086,200,200,200,411112,0,0,14.2011,8.8922,37.7725,45.2837,99.1977,0.126308,0.4959884309195244,2055.56
2025-12-06T21:45:19.209596+00:00,4180.37,4180.370681,200,200,200,414675,0,0,14.2639,8.9041,37.8092,45.527,99.1957,0.126308,0.49597874404382275,2073.375
2025-12-06T21:45:49.494769+00:00,4210.66,4210.655854,200,200,200,417675,0,0,14.2621,8.9091,37.7975,45.4969,99.1948,0.12631,0.4959738037047376,2088.375
2025-12-06T21:46:19.635923+00:00,4240.8,4240.797008,200,200,200,420675,0,0,14.2943,8.9281,37.8206,45.6233,99.1972,0.126316,0.4959857772093581,2103.375
2025-12-06T21:46:55.211650+00:00,4276.37,4276.372735,200,200,200,424184,0,0,14.3381,8.9758,37.8474,45.5902,99.1925,0.126314,0.4959623801361646,2120.92
2025-12-06T21:47:25.439791+00:00,4306.6,4306.600876,200,200,200,427144,0,0,14.3806,9.0183,37.8951,45.6794,99.1836,0.126305,0.49591779259183894,2135.72
2025-12-06T21:47:55.650201+00:00,4336.81,4336.811286,200,200,200,430144,0,0,14.388,9.0244,37.9011,45.6697,99.1844,0.126309,0.49592197081365,2150.72
2025-12-06T21:48:31.211096+00:00,4372.37,4372.372181,200,200,200,433695,0,0,14.3737,9.009,37.8897,45.6545,99.1899,0.126319,0.49594931772346307,2168.475
2025-12-06T21:49:07.210897+00:00,4408.37,4408.371982,200,200,200,437286,0,0,14.3855,9.0253,37.8835,45.5902,99.1944,0.126328,0.4959722112669938,2186.43
2025-12-06T21:49:37.495269+00:00,4438.66,4438.656354,200,200,200,440286,0,0,14.3799,9.0252,37.876,45.5343,99.1935,0.12633,0.4959676587749645,2201.43
2025-12-06T21:50:07.667333+00:00,4468.83,4468.828418,200,200,200,443286,0,0,14.3595,9.0023,37.8653,45.4785,99.1951,0.126335,0.4959756322423208,2216.43
2025-12-06T21:50:43.210874+00:00,4504.37,4504.371959,200,200,200,446769,0,0,14.3543,9.0061,37.8541,45.4098,99.1856,0.126326,0.4959281827373617,2233.845
2025-12-06T21:51:19.211283+00:00,4540.37,4540.372368,200,200,200,450358,0,0,14.356,9.0244,37.8409,45.3764,99.1897,0.126334,0.4959483094096743,2251.79
2025-12-06T21:51:49.381496+00:00,4570.54,4570.542581,200,200,200,453358,0,0,14.3604,9.0363,37.8426,45.41,99.1913,0.126339,0.4959564340179593,2266.79
2025-12-06T21:52:19.656570+00:00,4600.82,4600.817655,200,200,200,456358,0,0,14.3635,9.0394,37.844,45.3844,99.1906,0.126341,0.49595314813666536,2281.79
2025-12-06T21:52:55.221125+00:00,4636.38,4636.38221,200,200,200,459907,0,0,14.3554,9.0359,37.8319,45.3505,99.1952,0.12635,0.4959761503355436,2299.535
2025-12-06T21:53:25.403126+00:00,4666.56,4666.564211,200,200,200,462868,0,0,14.3544,9.0287,37.8399,45.3528,99.1882,0.126343,0.4959408882759291,2314.34
2025-12-06T21:53:55.573477+00:00,4696.73,4696.734562,200,200,200,465852,0,0,14.344,9.0241,37.8253,45.3073,99.1864,0.126343,0.4959317945803044,2329.26
2025-12-06T21:54:31.210226+00:00,4732.37,4732.371311,200,200,200,469405,0,0,14.3452,9.0231,37.8204,45.3144,99.1902,0.126351,0.49595115128530537,2347.025
2025-12-06T21:55:07.209574+00:00,4768.37,4768.370659,200,200,200,472984,0,0,14.3672,9.045,37.852,45.3399,99.192,0.126356,0.4959597667887588,2364.92
2025-12-06T21:55:37.413772+00:00,4798.57,4798.574857,200,200,200,475984,0,0,14.3866,9.0671,37.8655,45.4234,99.1928,0.12636,0.4959639207312256,2379.92
2025-12-06T21:56:07.580657+00:00,4828.74,4828.741742,200,200,200,478951,0,0,14.3853,9.0648,37.8654,45.3909,99.1875,0.126355,0.4959376847949057,2394.755
2025-12-06T21:56:43.210373+00:00,4864.37,4864.371458,200,200,200,482486,0,0,14.3621,9.04,37.8528,45.3558,99.1877,0.126359,0.495938688241518,2412.43
2025-12-06T21:57:19.210570+00:00,4900.37,4900.371655,200,200,200,486064,0,0,14.3453,9.0138,37.845,45.3444,99.1892,0.126364,0.4959460569731011,2430.32
2025-12-06T21:57:49.384272+00:00,4930.55,4930.545357,200,200,200,489064,0,0,14.3378,8.9995,37.839,45.2864,99.1907,0.126368,0.4959532512013762,2445.32
2025-12-06T21:58:19.649094+00:00,4960.81,4960.810179,200,200,200,492064,0,0,14.3504,9.0144,37.8465,45.2396,99.1902,0.12637,0.4959512481277708,2460.32
2025-12-06T21:58:55.210665+00:00,4996.37,4996.37175,200,200,200,495588,0,0,14.3639,9.0298,37.8567,45.2211,99.1896,0.126372,0.4959478845824472,2477.94
2025-12-06T21:59:25.393177+00:00,5026.55,5026.554262,200,200,200,498588,0,0,14.3609,9.0253,37.8582,45.177,99.1908,0.126376,0.49595406118387186,2492.94
2025-12-06T21:59:55.598772+00:00,5056.76,5056.759857,200,200,200,501549,0,0,14.3712,9.0371,37.864,45.1424,99.1839,0.126369,0.4959193378599074,2507.745
2025-12-06T22:00:31.209832+00:00,5092.37,5092.370917,200,200,200,505104,0,0,14.3811,9.0522,37.8723,45.1767,99.1884,0.126377,0.4959418787757561,2525.52
2025-12-06T22:01:07.210414+00:00,5128.37,5128.371499,200,200,200,508663,0,0,14.4012,9.0786,37.8828,45.1505,99.1861,0.126377,0.49593033587678476,2543.315
2025-12-06T22:01:37.445623+00:00,5158.61,5158.606708,200,200,200,511663,0,0,14.4139,9.1034,37.894,45.1887,99.1863,0.126379,0.4959313909378958,2558.315
2025-12-06T22:02:07.643779+00:00,5188.8,5188.804864,200,200,200,514628,0,0,14.4288,9.1204,37.9042,45.1825,99.1804,0.126374,0.4959022486762763,2573.14
2025-12-06T22:02:43.209902+00:00,5224.37,5224.370987,200,200,200,518168,0,0,14.4402,9.1327,37.9169,45.1501,99.1828,0.126379,0.4959142462215806,2590.84
2025-12-06T22:03:19.209938+00:00,5260.37,5260.371023,200,200,200,521745,0,0,14.4444,9.1339,37.9206,45.122,99.1841,0.126383,0.49592034261344536,2608.725
2025-12-06T22:03:49.416226+00:00,5290.58,5290.577311,200,200,200,524745,0,0,14.4453,9.1414,37.9236,45.1269,99.1848,0.126386,0.49592413942138874,2623.725
2025-12-06T22:04:19.594484+00:00,5320.76,5320.755569,200,200,200,527743,0,0,14.44,9.1329,37.9222,45.1251,99.1857,0.126389,0.49592862626011003,2638.715
2025-12-06T22:04:55.210134+00:00,5356.37,5356.371219,200,200,200,531242,0,0,14.4444,9.137,37.9233,45.0929,99.1795,0.126383,0.49589729527668874,2656.21
2025-12-06T22:05:25.438530+00:00,5386.6,5386.599615,200,200,200,534242,0,0,14.4584,9.1369,37.9408,45.2306,99.1798,0.126386,0.49589911835316536,2671.21
2025-12-06T22:05:55.745954+00:00,5416.91,5416.907039,200,200,200,537242,0,0,14.466,9.1529,37.9494,45.2018,99.1787,0.126386,0.4958936863158527,2686.21
2025-12-06T22:06:31.209574+00:00,5452.37,5452.370659,200,200,200,540771,0,0,14.4806,9.17,37.9625,45.3072,99.1809,0.126391,0.4959044733205839,2703.855
2025-12-06T22:07:07.209414+00:00,5488.37,5488.370499,200,200,200,544311,0,0,14.4817,9.1749,37.9607,45.2971,99.1753,0.126386,0.49587669063083056,2721.555
2025-12-06T22:07:37.465683+00:00,5518.63,5518.626768,200,200,200,547311,0,0,14.4839,9.1798,37.9641,45.3343,99.1752,0.126387,0.49587607842371845,2736.555
2025-12-06T22:08:07.719800+00:00,5548.88,5548.880885,200,200,200,550311,0,0,14.4896,9.1931,37.9619,45.363,99.1751,0.126389,0.4958756652063185,2751.555
2025-12-06T22:08:43.211048+00:00,5584.37,5584.372133,200,200,200,553859,0,0,14.4825,9.1858,37.9577,45.3498,99.1802,0.126398,0.49590087015069634,2769.295
2025-12-06T22:09:19.223494+00:00,5620.38,5620.384579,200,200,200,557445,0,0,14.4825,9.1942,37.9522,45.332,99.1827,0.126403,0.4959135733191969,2787.225
2025-12-06T22:09:49.481393+00:00,5650.64,5650.642478,200,200,200,560445,0,0,14.4677,9.1766,37.9459,45.3068,99.1825,0.126404,0.49591263487472054,2802.225
2025-12-06T22:10:19.735156+00:00,5680.9,5680.896241,200,200,200,563445,0,0,14.4609,9.1562,37.9517,45.4542,99.1824,0.126406,0.4959120674775936,2817.225
2025-12-06T22:10:55.209311+00:00,5716.37,5716.370396,200,200,200,566937,0,0,14.4463,9.1316,37.9543,45.4709,99.1778,0.126402,0.49588896513486175,2834.685
2025-12-06T22:11:25.444278+00:00,5746.61,5746.605363,200,200,200,569937,0,0,14.4236,9.0998,37.9474,45.4526,99.178,0.126404,0.4958901507919677,2849.685
2025-12-06T22:11:55.695840+00:00,5776.86,5776.856925,200,200,200,572937,0,0,14.4041,9.0749,37.9391,45.4461,99.178,0.126405,0.49588989950620943,2864.685
2025-12-06T22:12:31.210246+00:00,5812.37,5812.371331,200,200,200,576513,0,0,14.3779,9.0458,37.9267,45.407,99.1872,0.126419,0.49593613963133765,2882.565
2025-12-06T22:13:07.209588+00:00,5848.37,5848.370673,200,200,200,580087,0,0,14.3495,9.0155,37.9135,45.3742,99.1878,0.126422,0.4959389823545816,2900.435
2025-12-06T22:13:37.475431+00:00,5878.64,5878.636516,200,200,200,583087,0,0,14.3371,8.9989,37.9059,45.3561,99.1875,0.126423,0.49593727934445403,2915.435
2025-12-06T22:14:07.700467+00:00,5908.86,5908.861552,200,200,200,586087,0,0,14.3173,8.9759,37.894,45.3451,99.1878,0.126425,0.49593901874517976,2930.435
2025-12-06T22:14:43.209429+00:00,5944.37,5944.370514,200,200,200,589627,0,0,14.2905,8.9449,37.8831,45.3198,99.1908,0.126431,0.4959541120555393,2948.135
2025-12-06T22:15:19.209962+00:00,5980.37,5980.371047,200,200,200,593176,0,0,14.2852,8.9481,37.8746,45.2862,99.1872,0.126428,0.4959357833637777,2965.88
2025-12-06T22:15:49.560807+00:00,6010.72,6010.721892,200,200,200,596168,0,0,14.3189,8.9671,37.8994,45.4572,99.1841,0.126425,0.49592046572099163,2980.84
2025-12-06T22:16:25.211935+00:00,6046.37,6046.37302,200,200,200,599717,0,0,14.3201,8.972,37.9039,45.463,99.1862,0.12643,0.49593119545905884,2998.585
2025-12-06T22:17:01.211055+00:00,6082.37,6082.37214,200,200,200,603302,0,0,14.3508,9.0008,37.9247,45.5226,99.1886,0.126435,0.4959430187051988,3016.51
2025-12-06T22:17:31.610784+00:00,6112.77,6112.771869,200,200,200,606302,0,0,14.353,9.0114,37.9185,45.4873,99.1861,0.126433,0.4959304984656544,3031.51
2025-12-06T22:18:01.903931+00:00,6143.07,6143.065016,200,200,200,609302,0,0,14.3558,9.0176,37.9185,45.4538,99.1853,0.126434,0.4959267063046171,3046.51
2025-12-06T22:18:37.213476+00:00,6178.37,6178.374561,200,200,200,612784,0,0,14.3739,9.0399,37.9269,45.4658,99.1821,0.126431,0.495910367645967,3063.92
2025-12-06T22:19:13.210855+00:00,6214.37,6214.37194,200,200,200,616367,0,0,14.3821,9.0537,37.9272,45.4755,99.1841,0.126435,0.495920590166671,3081.835
2025-12-06T22:19:43.536759+00:00,6244.7,6244.697844,200,200,200,619367,0,0,14.3777,9.058,37.9204,45.4516,99.1829,0.126435,0.4959143064024284,3096.835
2025-12-06T22:20:13.770518+00:00,6274.93,6274.931603,200,200,200,622351,0,0,14.3793,9.0632,37.923,45.424,99.1805,0.126433,0.49590261645438366,3111.755
2025-12-06T22:20:49.209834+00:00,6310.37,6310.370919,200,200,200,625866,0,0,14.3791,9.0661,37.9194,45.4283,99.1805,0.126435,0.49590270368701284,3129.33
2025-12-06T22:21:19.467300+00:00,6340.63,6340.628385,200,200,200,628866,0,0,14.3867,9.0788,37.9257,45.4223,99.1804,0.126436,0.4959019530995586,3144.33
2025-12-06T22:21:49.695809+00:00,6370.86,6370.856894,200,200,200,631866,0,0,14.3871,9.0768,37.9325,45.4163,99.1807,0.126438,0.49590346362597176,3159.33
2025-12-06T22:22:25.210607+00:00,6406.37,6406.371692,200,200,200,635395,0,0,14.3843,9.0718,37.9309,45.3971,99.1817,0.126441,0.4959086285872656,3176.975
2025-12-06T22:23:01.211946+00:00,6442.37,6442.373031,200,200,200,638947,0,0,14.3726,9.0596,37.9188,45.3699,99.1788,0.126439,0.495894134758618,3194.735
2025-12-06T22:23:31.550255+00:00,6472.71,6472.71134,200,200,200,641947,0,0,14.3735,9.0591,37.9146,45.3721,99.1774,0.126438,0.49588724591571237,3209.735
2025-12-06T22:24:01.807637+00:00,6502.97,6502.968722,200,200,200,644947,0,0,14.3729,9.0624,37.9074,45.3514,99.1773,0.126439,0.4958865923944083,3224.735
2025-12-06T22:24:37.216402+00:00,6538.38,6538.377487,200,200,200,648493,0,0,14.375,9.0663,37.9081,45.3426,99.1826,0.126447,0.4959127866885732,3242.465
2025-12-06T22:25:13.212735+00:00,6574.37,6574.37382,200,200,200,652063,0,0,14.3644,9.0559,37.9017,45.319,99.1825,0.126449,0.49591262822350435,3260.315
2025-12-06T22:25:43.603099+00:00,6604.76,6604.764184,200,200,200,655063,0,0,14.3677,9.0578,37.9012,45.3335,99.1804,0.126448,0.49590188366367877,3275.315
2025-12-06T22:26:13.984528+00:00,6635.15,6635.145613,200,200,200,658063,0,0,14.3645,9.0487,37.8994,45.3546,99.1784,0.126446,0.4958919053039929,3290.315
2025-12-06T22:26:44.238489+00:00,6665.4,6665.399574,200,200,200,661063,0,0,14.368,9.0531,37.905,45.4223,99.1783,0.126448,0.4958915010726707,3305.315
2025-12-06T22:27:14.477033+00:00,6695.64,6695.638118,200,200,200,664063,0,0,14.3704,9.0523,37.9111,45.4101,99.1784,0.126449,0.4958922423053211,3320.315
2025-12-06T22:27:50.209806+00:00,6731.37,6731.370891,200,200,200,667617,0,0,14.3666,9.0482,37.9129,45.4277,99.1799,0.126452,0.49589972890412226,3338.085
2025-12-06T22:28:20.571063+00:00,6761.73,6761.732148,200,200,200,670617,0,0,14.3716,9.0552,37.9153,45.4756,99.1783,0.126451,0.49589142642862344,3353.085
2025-12-06T22:28:50.838575+00:00,6792.0,6791.99966,200,200,200,673617,0,0,14.3738,9.059,37.9155,45.4799,99.178,0.126452,0.49589004249155094,3368.085
2025-12-06T22:29:26.211193+00:00,6827.37,6827.372278,200,200,200,677119,0,0,14.3708,9.0611,37.9129,45.4751,99.1771,0.126452,0.49588551233825073,3385.595
2025-12-06T22:30:02.211544+00:00,6863.37,6863.372629,200,200,200,680684,0,0,14.3866,9.0786,37.9258,45.4976,99.1763,0.126453,0.49588157076295614,3403.42
2025-12-06T22:30:32.491389+00:00,6893.65,6893.652474,200,200,200,683684,0,0,14.3913,9.0907,37.9321,45.4833,99.1759,0.126453,0.49587936335532773,3418.42
2025-12-06T22:31:02.766507+00:00,6923.93,6923.927592,200,200,200,686684,0,0,14.3982,9.1005,37.934,45.4619,99.1755,0.126454,0.4958775137924637,3433.42
2025-12-06T22:31:38.210801+00:00,6959.37,6959.371886,200,200,200,690217,0,0,14.4022,9.1029,37.9343,45.4712,99.1781,0.126458,0.49589029822396247,3451.085
2025-12-06T22:32:14.212712+00:00,6995.37,6995.373797,200,200,200,693768,0,0,14.4076,9.1134,37.9313,45.4313,99.1753,0.126456,0.49587628919667287,3468.84
2025-12-06T22:32:44.520015+00:00,7025.68,7025.6811,200,200,200,696768,0,0,14.4131,9.1193,37.933,45.4145,99.1744,0.126456,0.49587220803403675,3483.84
2025-12-06T22:33:14.803801+00:00,7055.96,7055.964886,200,200,200,699768,0,0,14.4045,9.1118,37.9288,45.3906,99.174,0.126456,0.4958698146219771,3498.84
2025-12-06T22:33:50.211295+00:00,7091.37,7091.37238,200,200,200,703287,0,0,14.3979,9.1046,37.9258,45.3792,99.175,0.126459,0.49587510168236293,3516.435
2025-12-06T22:34:20.501717+00:00,7121.66,7121.662802,200,200,200,706287,0,0,14.396,9.1129,37.9191,45.3637,99.1745,0.126459,0.4958722559860958,3531.435
2025-12-06T22:34:50.790446+00:00,7151.95,7151.951531,200,200,200,709287,0,0,14.3887,9.1086,37.9161,45.3543,99.1739,0.126459,0.4958695517759096,3546.435
2025-12-06T22:35:26.209707+00:00,7187.37,7187.370792,200,200,200,712805,0,0,14.3879,9.1089,37.9116,45.3522,99.1747,0.126461,0.4958732620232959,3564.025
2025-12-06T22:36:02.210830+00:00,7223.37,7223.371915,200,200,200,716381,0,0,14.4189,9.1402,37.9255,45.4163,99.1754,0.126464,0.49587713911862175,3581.905
2025-12-06T22:36:32.517142+00:00,7253.68,7253.678227,200,200,200,719381,0,0,14.4219,9.1377,37.9258,45.3904,99.1747,0.126464,0.4958732504305777,3596.905
2025-12-06T22:37:02.967188+00:00,7284.13,7284.128273,200,200,200,722381,0,0,14.4358,9.1473,37.9343,45.4394,99.1719,0.126462,0.49585960936303236,3611.905
2025-12-06T22:37:39.210872+00:00,7320.37,7320.371957,200,200,200,725981,0,0,14.4448,9.1592,37.9391,45.4612,99.1727,0.126464,0.49586346449635743,3629.905
2025-12-06T22:38:15.210051+00:00,7356.37,7356.371136,200,200,200,729567,0,0,14.4449,9.1707,37.9362,45.4335,99.1748,0.126468,0.49587424731040647,3647.835
2025-12-06T22:38:45.594899+00:00,7386.76,7386.755984,200,200,200,732567,0,0,14.434,9.1625,37.9294,45.401,99.173,0.126466,0.49586516840868206,3662.835
2025-12-06T22:39:15.901521+00:00,7417.06,7417.062606,200,200,200,735567,0,0,14.4237,9.1491,37.9237,45.3778,99.1723,0.126466,0.49586139356904324,3677.835
2025-12-06T22:39:52.210742+00:00,7453.37,7453.371827,200,200,200,739167,0,0,14.4267,9.1507,37.9272,45.3707,99.1722,0.126467,0.49586081115821407,3695.835
2025-12-06T22:40:22.553953+00:00,7483.72,7483.715038,200,200,200,742167,0,0,14.433,9.1617,37.9323,45.3571,99.1709,0.126467,0.49585466324646554,3710.835
2025-12-06T22:40:52.895916+00:00,7514.06,7514.057001,200,200,200,745167,0,0,14.4302,9.1597,37.9253,45.3403,99.1697,0.126466,0.4958486473424611,3725.835
2025-12-06T22:41:29.209562+00:00,7550.37,7550.370647,200,200,200,748767,0,0,14.4283,9.1611,37.9229,45.3182,99.1696,0.126467,0.4958478431105291,3743.835
2025-12-06T22:42:05.211326+00:00,7586.37,7586.372411,200,200,200,752367,0,0,14.4418,9.1812,37.9249,45.3003,99.1735,0.126473,0.49586743125679644,3761.835
2025-12-06T22:42:35.514255+00:00,7616.68,7616.67534,200,200,200,755367,0,0,14.4397,9.18,37.9252,45.3339,99.1728,0.126473,0.4958639867666987,3776.835
2025-12-06T22:43:05.951159+00:00,7647.11,7647.112244,200,200,200,758367,0,0,14.4335,9.1727,37.9196,45.3357,99.1704,0.126471,0.4958518822546526,3791.835
2025-12-06T22:43:42.210563+00:00,7683.37,7683.371648,200,200,200,761967,0,0,14.4293,9.1627,37.9188,45.3319,99.1709,0.126472,0.4958545772013656,3809.835
2025-12-06T22:44:18.210498+00:00,7719.37,7719.371583,200,200,200,765567,0,0,14.4167,9.1527,37.9108,45.2968,99.1748,0.126478,0.49587391393748376,3827.835
2025-12-06T22:44:48.514227+00:00,7749.68,7749.675312,200,200,200,768567,0,0,14.4046,9.1377,37.9036,45.2612,99.1741,0.126478,0.4958704520239131,3842.835
2025-12-06T22:45:18.827682+00:00,7779.99,7779.988767,200,200,200,771567,0,0,14.3985,9.1298,37.8988,45.2489,99.1733,0.126478,0.49586639718087916,3857.835
2025-12-06T22:45:54.209620+00:00,7815.37,7815.370705,200,200,200,775096,0,0,14.4054,9.1307,37.9053,45.3693,99.1758,0.126482,0.4958792290582715,3875.48
2025-12-06T22:46:24.516794+00:00,7845.68,7845.677879,200,200,200,778080,0,0,14.4065,9.1297,37.9063,45.3556,99.1731,0.12648,0.4958653745412073,3890.4
2025-12-06T22:46:54.841559+00:00,7876.0,7876.002644,200,200,200,781080,0,0,14.4097,9.14,37.9053,45.3442,99.1721,0.12648,0.49586067660543054,3905.4
2025-12-06T22:47:30.209169+00:00,7911.37,7911.370254,200,200,200,784584,0,0,14.4058,9.1383,37.9047,45.3525,99.1717,0.12648,0.49585847635137115,3922.92
2025-12-06T22:48:06.210510+00:00,7947.37,7947.371595,200,200,200,788170,0,0,14.4132,9.1474,37.9162,45.401,99.1737,0.126483,0.49586834501098975,3940.85
2025-12-06T22:48:36.669526+00:00,7977.83,7977.830611,200,200,200,791170,0,0,14.4293,9.1631,37.9237,45.4348,99.1711,0.126481,0.495855351271258,3955.85
2025-12-06T22:49:07.007412+00:00,8008.17,8008.168497,200,200,200,794170,0,0,14.4264,9.1625,37.9171,45.4264,99.17,0.12648,0.4958499563898474,3970.85
2025-12-06T22:49:43.210326+00:00,8044.37,8044.371411,200,200,200,797770,0,0,14.426,9.1636,37.9173,45.401,99.1712,0.126482,0.4958560210864436,3988.85
2025-12-06T22:50:19.210663+00:00,8080.37,8080.371748,200,200,200,801348,0,0,14.4367,9.1769,37.9301,45.3887,99.1722,0.126485,0.49586084959416893,4006.74
2025-12-06T22:50:49.727287+00:00,8110.89,8110.888372,200,200,200,804348,0,0,14.4683,9.1853,37.9468,45.6094,99.1689,0.126481,0.49584457528519904,4021.74
2025-12-06T22:51:25.210357+00:00,8146.37,8146.371442,200,200,200,807860,0,0,14.4596,9.1815,37.9427,45.5794,99.1681,0.126482,0.49584039087325477,4039.3
2025-12-06T22:52:01.210740+00:00,8182.37,8182.371825,200,200,200,811415,0,0,14.4781,9.1995,37.9592,45.6464,99.1662,0.12648,0.4958311705664879,4057.075
2025-12-06T22:52:31.562339+00:00,8212.72,8212.723424,200,200,200,814415,0,0,14.4859,9.2037,37.9675,45.6483,99.165,0.12648,0.49582517147724664,4072.075
2025-12-06T22:53:01.967480+00:00,8243.13,8243.128565,200,200,200,817415,0,0,14.4834,9.2003,37.9684,45.6521,99.1632,0.126478,0.495815996047127,4087.075
2025-12-06T22:53:38.210716+00:00,8279.37,8279.371801,200,200,200,821015,0,0,14.4854,9.2056,37.9685,45.626,99.1639,0.12648,0.4958196223902133,4105.075
2025-12-06T22:54:14.209862+00:00,8315.37,8315.370947,200,200,200,824615,0,0,14.4987,9.2196,37.9862,45.7343,99.1676,0.126486,0.4958377715533561,4123.075
2025-12-06T22:54:44.511886+00:00,8345.67,8345.672971,200,200,200,827615,0,0,14.5076,9.2329,37.9877,45.7309,99.167,0.126485,0.49583478940274905,4138.075
2025-12-06T22:55:14.910672+00:00,8376.07,8376.071757,200,200,200,830615,0,0,14.5073,9.2339,37.9875,45.7493,99.1652,0.126484,0.49582610088425016,4153.075
2025-12-06T22:55:51.209845+00:00,8412.37,8412.37093,200,200,200,834215,0,0,14.518,9.2514,37.9903,45.7294,99.1653,0.126485,0.4958263294269646,4171.075
2025-12-06T22:56:21.621406+00:00,8442.78,8442.782491,200,200,200,837215,0,0,14.5219,9.2622,37.9902,45.7071,99.1634,0.126483,0.49581698977349625,4186.075
2025-12-06T22:56:51.983326+00:00,8473.14,8473.144411,200,200,200,840215,0,0,14.5248,9.2675,37.9907,45.6924,99.1621,0.126483,0.4958106219157652,4201.075
2025-12-06T22:57:28.210654+00:00,8509.37,8509.371739,200,200,200,843815,0,0,14.5185,9.2669,37.9838,45.6738,99.163,0.126484,0.49581510003414364,4219.075
2025-12-06T22:58:04.211360+00:00,8545.37,8545.372445,200,200,200,847415,0,0,14.5182,9.2668,37.9864,45.6769,99.1665,0.12649,0.4958326892444767,4237.075
2025-12-06T22:58:34.553381+00:00,8575.71,8575.714466,200,200,200,850415,0,0,14.5165,9.2701,37.985,45.6624,99.1655,0.126489,0.49582749249151603,4252.075
2025-12-06T22:59:04.870021+00:00,8606.03,8606.031106,200,200,200,853415,0,0,14.514,9.2723,37.9847,45.6475,99.1648,0.126489,0.49582379466709775,4267.075
2025-12-06T22:59:40.210172+00:00,8641.37,8641.371257,200,200,200,856902,0,0,14.5197,9.2802,37.9853,45.6282,99.1627,0.126487,0.4958136703742828,4284.51
2025-12-06T23:00:16.210005+00:00,8677.37,8677.37109,200,200,200,860466,0,0,14.5308,9.2922,37.9863,45.6705,99.1621,0.126488,0.49581030422429473,4302.33
2025-12-06T23:00:46.643675+00:00,8707.8,8707.80476,200,200,200,863466,0,0,14.5248,9.2881,37.9856,45.6868,99.16,0.126486,0.49580004593488375,4317.33
2025-12-06T23:01:17.004236+00:00,8738.17,8738.165321,200,200,200,866466,0,0,14.515,9.2801,37.9785,45.6622,99.1588,0.126485,0.49579400719145533,4332.33
2025-12-06T23:01:53.211463+00:00,8774.37,8774.372548,200,200,200,870066,0,0,14.5135,9.2837,37.9743,45.6479,99.1599,0.126487,0.495799554464051,4350.33
2025-12-06T23:02:23.571679+00:00,8804.73,8804.732764,200,200,200,873066,0,0,14.5156,9.2855,37.9741,45.6255,99.1587,0.126486,0.4957935824978776,4365.33
2025-12-06T23:02:53.945925+00:00,8835.11,8835.10701,200,200,200,876066,0,0,14.5223,9.2903,37.9775,45.6817,99.1574,0.126485,0.4957868642725132,4380.33
2025-12-06T23:03:30.210707+00:00,8871.37,8871.371792,200,200,200,879666,0,0,14.5096,9.2734,37.9709,45.673,99.1578,0.126487,0.49578916351655034,4398.33
2025-12-06T23:04:06.209822+00:00,8907.37,8907.370907,200,200,200,883266,0,0,14.503,9.2723,37.9687,45.6571,99.1612,0.126492,0.4958062312785646,4416.33
2025-12-06T23:04:36.568153+00:00,8937.73,8937.729238,200,200,200,886266,0,0,14.5002,9.2689,37.9657,45.6379,99.1601,0.126491,0.495800430064449,4431.33
2025-12-06T23:05:06.915352+00:00,8968.08,8968.076437,200,200,200,889266,0,0,14.5018,9.271,37.9631,45.6191,99.1591,0.12649,0.4957952835521756,4446.33
2025-12-06T23:05:43.210638+00:00,9004.37,9004.371723,200,200,200,892866,0,0,14.5001,9.2758,37.9617,45.6027,99.1592,0.126491,0.495795835327044,4464.33
2025-12-06T23:06:19.209565+00:00,9040.37,9040.37065,200,200,200,896466,0,0,14.5063,9.2816,37.9646,45.5959,99.1625,0.126496,0.4958126357352394,4482.33
2025-12-06T23:06:49.570697+00:00,9070.73,9070.731782,200,200,200,899466,0,0,14.5165,9.2913,37.9712,45.5851,99.1613,0.126496,0.49580674504393585,4497.33
2025-12-06T23:07:25.210266+00:00,9106.37,9106.371351,200,200,200,903057,0,0,14.5242,9.3017,37.9762,45.622,99.1676,0.126504,0.4958380046190585,4515.285
2025-12-06T23:08:01.210776+00:00,9142.37,9142.371861,200,200,200,906539,0,0,14.5272,9.3033,37.9761,45.6,99.158,0.126493,0.49578983101046276,4532.695
2025-12-06T23:08:31.629882+00:00,9172.79,9172.790967,200,200,200,909539,0,0,14.5434,9.3086,37.9907,45.7977,99.1562,0.126491,0.49578094784463866,4547.695
2025-12-06T23:09:02.011259+00:00,9203.17,9203.172344,200,200,200,912539,0,0,14.5579,9.3182,38.0041,45.9112,99.1548,0.126491,0.4957741558512316,4562.695
2025-12-06T23:09:38.209954+00:00,9239.37,9239.371039,200,200,200,916139,0,0,14.5577,9.3162,38.0059,45.9406,99.156,0.126493,0.49577995955185494,4580.695
2025-12-06T23:10:14.211092+00:00,9275.37,9275.372177,200,200,200,919739,0,0,14.5498,9.3077,37.9991,45.9369,99.1593,0.126498,0.4957962777389477,4598.695
2025-12-06T23:10:44.604741+00:00,9305.77,9305.765826,200,200,200,922739,0,0,14.5531,9.3143,37.9978,45.9635,99.1578,0.126497,0.495788856744008,4613.695
2025-12-06T23:11:15.041528+00:00,9336.2,9336.202613,200,200,200,925739,0,0,14.5534,9.3215,37.9951,45.9435,99.1558,0.126495,0.4957791933044459,4628.695
2025-12-06T23:11:51.210652+00:00,9372.37,9372.371737,200,200,200,929339,0,0,14.5531,9.325,37.9913,45.917,99.1573,0.126497,0.4957864594354385,4646.695
2025-12-06T23:12:21.552566+00:00,9402.71,9402.713651,200,200,200,932339,0,0,14.5525,9.3284,37.9911,45.8874,99.1564,0.126497,0.4957818745766248,4661.695
2025-12-06T23:12:51.966752+00:00,9433.13,9433.127837,200,200,200,935339,0,0,14.5605,9.3434,37.9943,45.89,99.1547,0.126495,0.49577352080996717,4676.695
2025-12-06T23:13:28.209936+00:00,9469.37,9469.371021,200,200,200,938939,0,0,14.563,9.3475,37.9971,45.8874,99.1554,0.126496,0.49577685672983834,4694.695
2025-12-06T23:14:04.211688+00:00,9505.37,9505.372773,200,200,200,942539,0,0,14.5734,9.3634,38.0015,45.8874,99.1586,0.126501,0.49579275979437704,4712.695
2025-12-06T23:14:34.782875+00:00,9535.94,9535.94396,200,200,200,945539,0,0,14.5771,9.369,38.0024,45.8836,99.1553,0.126498,0.4957762985847076,4727.695
2025-12-06T23:15:05.175267+00:00,9566.34,9566.336352,200,200,200,948539,0,0,14.5758,9.3663,38.0008,45.8743,99.1538,0.126496,0.495769208345728,4742.695
2025-12-06T23:15:41.211621+00:00,9602.37,9602.372706,200,200,200,952139,0,0,14.5762,9.3699,37.9994,45.8648,99.1566,0.126501,0.4957831929420216,4760.695
2025-12-06T23:16:17.209916+00:00,9638.37,9638.371001,200,200,200,955710,0,0,14.5819,9.3816,37.9975,45.8618,99.1568,0.126502,0.4957839866824193,4778.55
2025-12-06T23:16:47.670427+00:00,9668.83,9668.831512,200,200,200,958710,0,0,14.5939,9.3909,38.0094,45.9361,99.1547,0.126499,0.49577345453281696,4793.55
2025-12-06T23:17:18.091280+00:00,9699.25,9699.252365,200,200,200,961710,0,0,14.5995,9.3996,38.0107,45.9257,99.153,0.126498,0.4957650155956118,4808.55
2025-12-06T23:17:54.210512+00:00,9735.37,9735.371597,200,200,200,965310,0,0,14.599,9.3996,38.0096,45.9294,99.1549,0.126501,0.4957746041750809,4826.55
2025-12-06T23:18:24.626682+00:00,9765.79,9765.787767,200,200,200,968310,0,0,14.5905,9.3917,38.0055,45.9111,99.1533,0.126499,0.49576645689150584,4841.55
2025-12-06T23:18:55.095682+00:00,9796.26,9796.256767,200,200,200,971310,0,0,14.6087,9.4009,38.018,46.0469,99.1511,0.126497,0.4957556866373631,4856.55
2025-12-06T23:19:31.211136+00:00,9832.37,9832.372221,200,200,200,974910,0,0,14.6095,9.3976,38.017,46.0426,99.1531,0.1265,0.4957654053809036,4874.55
2025-12-06T23:20:07.210440+00:00,9868.37,9868.371525,200,200,200,978484,0,0,14.6094,9.4002,38.0124,46.0146,99.1535,0.126501,0.49576771482567383,4892.42
2025-12-06T23:20:37.691263+00:00,9898.85,9898.852348,200,200,200,981482,0,0,14.623,9.4038,38.023,46.1488,99.1511,0.126499,0.4957554499730982,4907.41
2025-12-06T23:21:08.205154+00:00,9929.37,9929.366239,200,200,200,984482,0,0,14.6211,9.4016,38.0194,46.1276,99.1485,0.126496,0.4957426165494871,4922.41
2025-12-06T23:21:44.210325+00:00,9965.37,9965.37141,200,200,200,988082,0,0,14.6337,9.4129,38.03,46.2211,99.1515,0.126501,0.4957577391488312,4940.41
2025-12-06T23:22:19.243830+00:00,10000.4,10000.404915,200,200,200,991499,0,0,14.6327,9.4159,38.0283,46.2414,99.1459,0.126494,0.4957294271718997,4957.495
2025-12-06T23:22:49.671036+00:00,10030.83,10030.832121,200,200,200,994499,0,0,14.6439,9.425,38.0385,46.3158,99.1442,0.126492,0.4957210867471161,4972.495
2025-12-06T23:23:25.214160+00:00,10066.38,10066.375245,200,200,200,998082,0,0,14.674,9.4481,38.057,46.4249,99.1501,0.1265,0.49575044428020426,4990.41
2025-12-06T23:24:01.219479+00:00,10102.38,10102.380564,200,200,200,1001629,0,0,14.6774,9.4548,38.0569,46.4223,99.1478,0.126498,0.4957390951838231,5008.145
2025-12-06T23:24:31.726388+00:00,10132.89,10132.887473,200,200,200,1004629,0,0,14.6935,9.4489,38.0557,46.4445,99.1454,0.126496,0.49572691035843697,5023.145
2025-12-06T23:25:02.266919+00:00,10163.43,10163.428004,200,200,200,1007629,0,0,14.6972,9.4558,38.0579,46.5211,99.1426,0.126493,0.49571315879023764,5038.145
2025-12-06T23:25:38.211166+00:00,10199.37,10199.372251,200,200,200,1011229,0,0,14.6967,9.4536,38.0571,46.5056,99.1462,0.126498,0.4957309994744303,5056.145
2025-12-06T23:26:13.257819+00:00,10234.42,10234.418904,200,200,200,1014631,0,0,14.6988,9.4572,38.0621,46.584,99.1391,0.126489,0.4956954613238684,5073.155
2025-12-06T23:26:49.210369+00:00,10270.37,10270.371454,200,200,200,1018229,0,0,14.7247,9.4822,38.0817,46.7322,99.1424,0.126494,0.495711866197123,5091.145
2025-12-06T23:27:19.718328+00:00,10300.88,10300.879413,200,200,200,1021229,0,0,14.7365,9.4905,38.0889,46.8218,99.14,0.126492,0.4956999101995021,5106.145
2025-12-06T23:27:50.140948+00:00,10331.3,10331.302033,200,200,200,1024229,0,0,14.7377,9.4918,38.089,46.7958,99.1384,0.12649,0.495692119312954,5121.145
2025-12-06T23:28:26.210668+00:00,10367.37,10367.371753,200,200,200,1027829,0,0,14.7463,9.5069,38.0915,46.7879,99.1407,0.126493,0.49570374463642525,5139.145
2025-12-06T23:29:02.211353+00:00,10403.37,10403.372438,200,200,200,1031387,0,0,14.756,9.5201,38.0938,46.759,99.1397,0.126493,0.49569839306756536,5156.935
2025-12-06T23:29:32.661116+00:00,10433.82,10433.822201,200,200,200,1034387,0,0,14.7664,9.5202,38.0936,46.8025,99.1379,0.126491,0.49568939362454445,5171.935
2025-12-06T23:30:03.127271+00:00,10464.29,10464.288356,200,200,200,1037387,0,0,14.7804,9.5338,38.1126,46.9048,99.1359,0.126489,0.4956796700872566,5186.935
2025-12-06T23:30:39.210682+00:00,10500.37,10500.371767,200,200,200,1040987,0,0,14.7897,9.5476,38.1199,46.9087,99.1381,0.126492,0.4956905446298376,5204.935
2025-12-06T23:31:15.210414+00:00,10536.37,10536.371499,200,200,200,1044540,0,0,14.8005,9.5583,38.1235,46.9025,99.1366,0.126491,0.49568297781600457,5222.7
2025-12-06T23:31:45.861921+00:00,10567.02,10567.023006,200,200,200,1047540,0,0,14.8009,9.5646,38.1228,46.8875,99.1329,0.126487,0.49566467273005954,5237.7
2025-12-06T23:32:16.302754+00:00,10597.46,10597.463839,200,200,200,1050540,0,0,14.8124,9.573,38.1312,47.0187,99.1313,0.126485,0.4956563268156106,5252.7
2025-12-06T23:32:52.210323+00:00,10633.37,10633.371408,200,200,200,1054140,0,0,14.8543,9.6019,38.1627,47.4072,99.1351,0.126491,0.49567534112789446,5270.7
2025-12-06T23:33:22.664863+00:00,10663.83,10663.825948,200,200,200,1057140,0,0,14.8668,9.6145,38.1715,47.4849,99.1333,0.126489,0.4956663795690826,5285.7
2025-12-06T23:33:53.112719+00:00,10694.27,10694.273804,200,200,200,1060140,0,0,14.8696,9.6182,38.1688,47.4881,99.1316,0.126487,0.4956577788402396,5300.7
2025-12-06T23:34:29.210982+00:00,10730.37,10730.372067,200,200,200,1063707,0,0,14.8757,9.6218,38.1701,47.5321,99.1305,0.126487,0.49565243094939176,5318.535
2025-12-06T23:35:05.210535+00:00,10766.37,10766.37162,200,200,200,1067266,0,0,14.9007,9.6196,38.171,47.6061,99.1296,0.126486,0.49564794792026695,5336.33
2025-12-06T23:35:35.678074+00:00,10796.84,10796.839159,200,200,200,1070266,0,0,14.8923,9.6075,38.166,47.6298,99.1277,0.126484,0.49563857729039645,5351.33
2025-12-06T23:36:06.117604+00:00,10827.28,10827.278689,200,200,200,1073266,0,0,14.8906,9.595,38.1648,47.6968,99.1261,0.126482,0.49563054153689934,5366.33
2025-12-06T23:36:42.210514+00:00,10863.37,10863.371599,200,200,200,1076866,0,0,14.8941,9.5952,38.1671,47.7823,99.1282,0.126485,0.4956407825076738,5384.33
2025-12-06T23:37:18.210375+00:00,10899.37,10899.37146,200,200,200,1080466,0,0,14.8933,9.5956,38.1655,47.798,99.131,0.12649,0.4956551870744297,5402.33
2025-12-06T23:37:48.652552+00:00,10929.81,10929.813637,200,200,200,1083466,0,0,14.8891,9.5913,38.163,47.794,99.1294,0.126488,0.49564706040925155,5417.33
2025-12-06T23:38:19.105239+00:00,10960.27,10960.266324,200,200,200,1086466,0,0,14.9014,9.5987,38.1728,47.8928,99.1277,0.126486,0.4956385036105077,5432.33
2025-12-06T23:38:55.209818+00:00,10996.37,10996.370903,200,200,200,1089813,0,0,15.2619,9.6118,38.1961,48.1674,99.1066,0.12646,0.49553303067591153,5449.065
2025-12-06T23:39:25.720386+00:00,11026.88,11026.881471,200,200,200,1092363,0,0,15.7941,9.6375,38.2486,48.8752,99.0636,0.126405,0.4953181925791283,5461.815
2025-12-06T23:39:56.127857+00:00,11057.29,11057.288942,200,200,200,1093921,0,0,18.1615,9.661,38.3452,51.055,98.9321,0.126237,0.4946605835020062,5469.605
2025-12-06T23:40:32.212312+00:00,11093.37,11093.373397,200,0,0,1094509,263,200,20.2292,9.6702,38.3865,52.1603,98.6633,0.125894,0.49331657775802895,5472.545
